start_hour,hourly_count
0,36.0
1,10.116666666666667
2,5.271428571428571
3,4.0
4,4.35
5,6.85
6,43.0
7,87.0
8,162.724
9,103.0
10,38.0
11,58.0
12,76.0
13,89.0
14,65.0
15,64.0
16,116.0
17,140.0
18,138.0
19,106.0
20,71.0
21,62.0
22,41.0
23,48.0
