start_hour,hourly_count
0,32.804545454545455
1,18.991666666666667
2,6.957142857142857
3,5.24
4,5.0
5,5.7
6,34.582608695652176
7,477.0
8,492.0
9,254.0
10,128.0
11,94.0
12,130.0
13,120.0
14,105.0
15,132.0
16,205.0
17,228.0
18,216.0
19,144.0
20,104.0
21,83.0
22,104.0
23,88.0
