start_hour,hourly_count
0,15.041176470588235
1,27.963636363636365
2,15.275
3,8.3
4,7.214285714285714
5,8.2
6,10.042857142857143
7,33.0
8,58.0
9,86.0
10,71.0
11,77.0
12,122.0
13,113.0
14,104.0
15,107.0
16,129.0
17,170.0
18,139.0
19,115.0
20,83.0
21,67.0
22,44.0
23,39.0
