start_hour,hourly_count
0,21.025000000000002
1,8.842857142857143
2,9.375
3,6.133333333333333
5,7.94
6,19.9
7,29.0
8,104.0
9,99.0
10,104.0
11,116.0
12,154.0
13,139.0
14,147.0
15,140.0
16,198.0
17,243.0
18,170.0
19,158.0
20,77.0
21,92.0
22,62.0
23,43.0
